cpu,memory
0.0,47.8
54.3,48.3
33.5,48.1
19.7,48.1
21.7,48.1
20.9,48.1
24.2,48.2
25.0,48.2
26.4,48.2
27.2,48.2
28.1,48.2
30.6,48.2
33.4,48.3
37.2,48.3
38.6,48.3
41.4,48.4
43.2,48.4
46.1,48.4
49.3,48.4
51.7,48.4
51.0,48.5
54.6,48.5
53.5,48.5
56.6,48.5
58.7,48.5
60.4,48.6
61.4,48.6
64.9,48.6
67.1,48.6
68.8,48.7
73.7,48.7
9.0,48.2
15.9,48.2
20.1,48.2
22.7,48.2
23.8,48.4
26.2,48.5
27.5,48.5
30.1,48.5
32.2,48.6
34.5,48.6
35.2,49.0
38.6,49.0
40.4,49.0
42.9,49.0
43.8,49.0
47.1,49.0
49.4,49.1
49.8,49.1
52.8,49.1
54.7,49.1
59.2,48.4
58.9,48.5
60.9,48.5
63.3,48.5
64.8,48.6
66.5,48.6
67.3,48.7
68.9,48.7
70.0,48.7
74.5,48.8
11.7,48.1
15.4,48.0
21.6,48.2
22.8,48.2
23.9,48.2
27.8,48.3
34.4,48.8
39.4,50.4
33.2,50.4
33.9,50.4
36.0,50.4
39.1,49.3
39.1,49.3
40.6,49.4
43.8,50.6
47.6,51.8
48.9,52.9
48.7,53.2
52.3,52.8
53.7,53.0
54.0,51.9
55.8,51.9
58.3,51.9
60.1,52.0
63.0,52.1
64.4,52.2
67.2,52.2
68.2,52.2
70.7,52.3
12.4,52.2
23.4,52.0
29.7,52.0
29.7,51.9
31.1,51.9
31.2,51.9
32.4,51.9
34.1,52.0
39.1,52.0
45.2,52.2
46.3,52.2
42.9,52.1
44.4,52.1
44.8,52.1
46.1,52.1
49.7,52.2
52.4,52.2
55.3,52.2
55.5,52.2
57.3,52.3
59.0,52.3
59.0,52.4
62.7,52.4
62.2,52.5
64.3,52.6
65.4,52.5
66.5,52.6
70.2,52.6
13.2,52.3
20.1,52.3
25.8,52.4
24.2,52.7
30.0,52.8
29.7,52.8
30.5,52.9
32.8,52.9
35.1,52.8
36.8,52.8
39.0,52.8
39.3,52.8
42.8,52.8
44.3,52.9
46.8,53.0
49.5,53.0
51.1,53.0
52.3,53.0
56.2,53.1
57.8,53.1
61.0,53.1
62.2,53.1
63.8,53.1
69.5,53.1
73.0,51.8
17.3,52.4
23.8,53.4
27.3,54.3
22.7,54.1
27.1,54.2
30.4,54.0
31.4,52.3
35.1,52.4
37.2,52.6
41.0,52.5
40.4,52.5
41.4,52.3
44.4,52.3
46.2,52.3
46.1,52.3
48.2,52.2
48.0,52.3
49.1,52.3
51.7,52.2
52.1,52.2
51.7,52.3
53.6,52.3
54.1,52.4
55.6,52.4
58.8,52.4
60.9,52.4
63.5,52.3
64.6,52.4
66.6,52.4
66.3,52.4
68.0,52.5
70.4,52.5
7.6,52.3
21.5,52.0
30.4,52.0
32.4,52.0
31.9,52.0
33.6,52.0
35.7,51.9
36.5,52.0
38.0,51.9
39.1,51.9
42.1,51.9
43.2,51.9
43.4,52.1
43.2,52.1
48.1,50.6
49.0,50.3
48.9,50.3
51.7,50.5
51.8,50.5
57.0,50.7
54.6,50.5
56.8,50.1
58.9,50.2
59.4,50.5
63.2,50.8
65.6,51.2
69.1,52.0
71.7,52.4
15.6,52.3
22.6,52.5
26.2,52.7
28.3,50.5
30.1,50.8
33.5,51.7
36.3,52.3
37.3,52.3
37.9,52.5
40.3,52.7
41.8,50.9
43.8,51.2
45.2,52.2
48.2,52.3
49.2,52.5
52.0,52.5
54.0,51.2
53.6,51.3
57.5,51.3
58.5,51.4
59.6,51.4
61.2,51.5
63.9,51.5
66.3,51.6
67.9,51.6
70.4,51.7
13.3,51.9
20.5,50.5
22.1,49.6
23.2,49.6
24.3,49.6
26.8,49.6
28.0,49.6
26.8,49.6
29.6,49.7
32.2,49.7
30.9,49.7
34.0,49.7
36.2,49.7
36.7,49.7
40.1,49.7
40.9,49.7
44.3,49.8
46.7,49.8
49.2,49.8
50.4,49.8
52.2,49.8
55.5,49.7
58.2,49.8
60.3,49.8
62.8,49.8
65.9,49.8
67.4,49.8
69.2,49.8
71.4,49.9
7.7,49.6
14.6,49.6
20.9,49.5
22.4,49.5
25.0,49.5
27.0,49.5
29.4,49.5
32.3,49.6
35.4,49.6
35.8,49.6
37.2,49.6
41.3,49.6
44.6,49.9
46.3,50.0
45.6,50.0
49.2,50.0
51.9,49.9
52.9,49.9
53.2,49.9
56.9,49.9
59.2,50.0
60.6,50.0
64.1,50.0
65.6,50.0
67.9,50.0
67.4,50.1
72.3,50.1
7.7,49.7
15.0,49.7
20.5,49.7
21.8,49.7
24.6,49.7
27.7,49.7
31.2,49.7
31.6,49.7
34.8,49.7
36.0,49.7
39.3,49.7
40.0,49.7
44.3,49.9
46.0,49.9
46.2,50.0
50.5,49.9
51.5,49.9
52.7,49.9
52.3,49.9
55.2,50.0
56.0,50.0
56.8,50.0
60.5,50.0
60.9,50.0
63.2,50.0
65.5,50.2
68.0,50.1
69.7,50.0
70.5,49.6
7.7,49.5
15.2,49.3
21.2,49.3
25.3,49.2
26.0,49.3
29.6,49.3
30.4,49.3
33.9,49.3
33.9,49.4
37.8,49.5
39.0,49.5
41.0,49.5
42.7,49.4
46.4,49.4
48.1,49.4
52.5,49.4
53.7,49.2
54.9,49.2
55.2,49.2
57.5,49.3
62.0,49.3
64.1,49.3
65.9,49.3
66.4,49.3
71.4,49.6
14.9,49.3
23.3,48.1
24.4,46.9
22.9,46.9
25.6,46.9
29.6,46.9
31.5,46.9
33.6,47.0
35.1,47.0
39.0,47.0
39.8,47.0
42.4,46.6
44.7,46.6
47.3,46.6
51.4,46.6
53.0,46.6
54.7,46.7
57.0,46.7
57.9,46.5
61.0,46.5
64.8,46.5
64.8,46.5
68.1,46.9
67.3,46.9
68.4,46.9
70.3,46.9
5.8,47.0
15.5,46.6
16.2,46.6
18.9,46.7
18.7,46.7
21.6,46.7
25.4,46.6
27.3,46.6
30.3,46.7
32.8,46.7
36.4,46.7
39.8,46.7
41.8,46.7
44.0,46.7
45.7,46.7
49.5,46.7
51.1,46.7
53.2,46.7
56.0,46.7
59.0,46.7
60.9,46.8
62.5,46.8
64.6,46.8
66.9,46.8
68.6,46.8
70.1,46.8
7.6,46.6
15.6,46.6
20.6,46.5
25.0,46.5
26.2,46.5
29.3,46.5
31.2,46.5
34.3,46.5
37.1,46.5
38.5,46.5
40.5,46.5
40.9,46.5
44.8,46.6
46.8,46.6
50.8,46.6
52.5,46.6
54.6,46.6
58.2,46.6
61.5,46.6
63.8,46.6
66.6,46.6
66.9,46.6
70.3,46.6
6.7,46.3
16.5,46.3
18.1,46.3
21.0,46.3
21.8,46.3
23.7,46.3
25.5,46.3
27.3,46.3
28.6,46.3
32.2,46.3
34.2,46.3
37.2,46.3
40.8,46.3
43.2,46.3
45.9,46.3
48.7,46.4
51.9,46.4
53.5,46.4
57.5,46.4
57.8,46.4
61.4,46.5
62.4,46.5
66.3,46.5
67.9,46.5
70.9,46.5
8.0,46.5
15.3,46.4
21.3,46.4
23.8,46.5
26.7,46.4
28.6,46.4
31.2,46.5
34.7,46.5
37.9,46.5
40.3,46.5
43.5,46.5
45.3,46.5
47.7,46.5
49.5,46.5
52.9,46.5
54.2,46.5
55.8,46.5
58.0,46.5
60.4,46.5
63.5,46.5
64.6,46.5
67.3,46.5
70.7,46.5
7.5,46.4
15.5,46.4
21.8,46.4
23.6,46.4
24.2,46.4
29.4,46.4
29.6,46.4
31.6,46.4
33.4,46.4
36.1,46.4
34.4,46.4
37.9,46.4
39.3,46.4
42.9,46.4
45.3,46.4
49.2,46.4
51.9,46.4
54.0,46.4
55.9,46.4
58.9,46.4
60.6,46.4
64.8,46.4
67.4,46.4
69.0,46.4
71.6,46.4
7.6,46.4
15.7,46.4
22.6,46.4
24.9,46.4
27.5,46.4
28.9,46.4
32.5,46.4
34.4,46.4
40.3,46.4
39.5,46.4
43.4,46.4
44.6,46.4
48.0,46.4
50.6,46.4
52.0,46.4
54.8,46.4
57.9,46.4
58.8,46.4
62.1,46.4
64.4,46.4
66.8,46.4
69.7,46.4
72.4,46.4
7.9,46.1
16.3,46.1
21.4,46.1
24.5,46.1
26.4,46.1
30.3,46.1
33.2,46.1
35.8,46.1
37.4,46.2
40.6,46.2
43.0,46.2
44.9,46.2
46.2,46.2
48.8,46.2
49.3,46.3
51.3,46.3
53.0,46.3
55.5,46.3
59.2,46.2
59.8,46.3
63.4,46.3
64.6,46.3
67.9,46.3
70.4,46.3
7.2,46.3
15.7,46.3
21.9,46.3
24.5,46.3
26.9,46.3
30.3,46.3
32.3,46.3
36.1,46.3
38.2,46.3
41.0,46.3
43.3,46.3
46.9,46.3
50.1,46.3
52.4,46.3
54.7,46.3
58.8,46.3
60.4,46.3
61.8,46.3
64.8,46.3
67.6,46.3
69.9,46.3
71.5,46.3
8.0,46.2
15.7,46.2
20.3,46.2
24.1,46.2
27.0,46.2
29.4,46.2
32.9,46.2
37.1,46.2
39.9,46.2
41.7,46.2
45.8,46.3
46.8,46.3
50.7,46.2
50.6,46.3
52.4,46.3
53.7,46.4
55.6,46.3
57.7,46.3
59.1,46.3
60.6,46.3
63.3,46.3
64.7,46.3
67.6,46.4
71.5,46.4
7.8,46.4
14.9,46.4
22.9,46.3
24.7,46.3
27.6,46.3
30.5,46.3
34.0,46.4
36.0,46.4
39.2,46.3
41.5,46.4
44.6,46.4
46.1,46.4
50.1,46.4
52.1,46.4
55.1,46.4
58.6,46.4
61.1,46.4
62.8,46.4
64.6,46.8
13.4,47.0
17.7,47.2
23.9,47.3
19.4,47.4
26.8,47.7
16.5,48.1
27.2,48.2
23.4,48.4
16.4,48.7
16.1,48.7
24.4,49.2
25.9,50.0
71.3,52.1
18.4,67.5
21.1,54.3
22.7,52.2
22.6,67.3
21.0,54.3
36.5,51.6
24.6,67.3
20.9,54.2
43.4,51.1
29.1,67.2
22.9,54.1
52.9,50.8
31.6,67.1
27.9,54.0
54.4,50.3
73.3,54.4
14.8,63.8
63.8,67.2
70.3,67.2
45.7,67.1
45.1,67.0
44.7,67.1
48.6,60.4
63.5,60.4
79.9,60.4
45.3,60.5
70.6,60.4
15.7,60.4
53.4,65.1
28.9,76.1
18.8,69.3
29.7,60.2
30.5,62.4
39.2,64.9
63.6,64.9
65.3,65.0
66.1,65.2
70.4,65.2
52.9,65.2
58.8,65.2
60.5,65.2
61.7,65.2
64.2,65.1
66.3,65.1
67.4,65.1
70.5,65.1
53.0,65.1
58.9,65.1
59.5,65.1
61.5,65.0
64.8,65.1
64.5,65.0
68.6,65.0
69.6,65.0
70.4,65.0
53.7,65.0
59.5,65.0
59.4,64.9
60.9,64.9
61.0,64.9
62.2,65.0
63.3,65.0
65.7,65.0
66.2,65.0
69.7,65.0
69.8,64.9
71.9,64.8
52.8,64.8
59.6,64.7
60.1,64.7
62.0,64.7
64.5,64.7
65.6,64.7
67.8,64.7
67.8,64.7
70.8,64.7
53.5,64.7
59.8,64.7
61.4,64.7
62.9,64.7
64.0,64.7
65.6,64.7
67.6,64.7
70.6,64.7
53.4,64.7
59.4,64.7
62.5,64.7
61.0,64.7
64.4,64.7
66.2,64.7
69.2,64.7
69.2,64.7
72.7,64.7
51.0,64.7
57.1,64.7
58.7,64.7
59.4,64.7
60.8,64.7
61.7,64.7
64.7,64.7
65.5,64.7
68.3,64.7
68.5,64.7
72.3,64.7
53.1,64.9
58.8,64.9
60.7,64.9
62.4,64.9
64.0,64.9
65.3,65.0
68.5,65.0
68.9,65.0
71.7,65.0
53.5,64.9
59.2,64.9
62.5,64.9
62.7,64.9
65.4,64.9
65.3,64.9
69.0,64.9
71.5,64.9
53.4,64.9
59.7,64.9
60.6,64.9
61.5,64.9
64.2,64.9
65.6,64.9
68.1,64.9
68.9,64.9
69.6,64.9
70.1,65.0
52.9,65.0
54.3,64.9
57.5,64.9
57.3,64.9
62.2,64.9
63.2,64.9
65.7,64.9
66.1,64.9
69.0,64.9
70.4,64.9
53.8,64.9
59.5,64.9
61.2,64.9
62.3,64.9
64.5,64.9
66.5,64.9
67.5,64.9
68.9,64.9
71.1,64.9
52.6,64.9
58.6,64.9
59.8,64.9
62.6,64.9
64.3,64.9
65.4,64.9
67.2,64.9
70.4,64.9
52.7,64.9
59.4,64.9
60.8,64.9
62.4,64.9
62.4,64.9
63.7,64.9
63.0,65.0
65.7,65.0
67.2,65.0
69.7,65.0
71.3,65.0
52.9,65.0
59.3,65.0
62.5,65.0
63.5,65.0
66.0,65.0
66.0,65.0
68.5,65.0
69.2,65.0
71.8,65.0
54.8,65.0
57.5,65.0
60.8,65.0
62.0,65.0
64.5,65.1
66.0,65.0
69.0,65.1
70.8,65.0
53.1,65.0
59.6,65.0
60.0,65.0
62.4,65.0
65.2,65.0
68.5,65.0
67.3,65.0
70.8,65.0
54.0,65.0
60.0,65.0
60.2,65.0
60.1,65.0
60.9,65.0
61.2,65.0
63.3,65.0
64.2,65.0
67.3,65.0
69.1,65.0
71.2,65.0
53.7,65.0
58.7,64.8
61.7,64.8
63.0,64.8
65.6,64.8
66.9,64.8
69.1,64.9
69.6,64.9
72.7,64.9
52.7,64.8
59.4,64.8
60.8,64.8
62.8,64.8
65.3,64.8
66.0,64.8
68.1,64.8
69.8,64.8
71.5,64.8
53.3,64.8
58.4,64.8
61.1,64.8
63.6,64.8
64.1,64.8
68.0,64.8
69.1,64.8
68.8,64.8
70.7,64.8
51.9,64.9
56.0,64.8
55.9,64.8
58.6,64.8
61.1,64.8
63.6,64.8
64.8,64.8
67.9,64.8
69.1,64.9
71.3,64.9
53.6,64.8
58.9,64.8
61.4,64.8
62.6,64.8
64.3,64.8
66.2,64.8
68.0,64.9
69.4,64.9
72.0,64.9
55.3,64.9
59.3,64.9
61.3,64.9
61.9,64.8
65.5,64.8
65.8,65.1
67.9,65.1
69.7,65.1
71.4,65.1
54.2,65.0
59.3,65.0
58.5,65.0
59.5,65.0
60.3,65.0
61.9,65.1
63.7,65.0
66.1,65.1
68.1,65.0
70.9,65.0
54.9,65.0
58.6,65.0
61.3,65.0
63.7,65.0
65.0,65.0
67.1,65.0
67.9,65.0
68.7,65.0
72.5,65.0
53.6,65.0
58.6,65.0
59.8,65.0
62.3,65.0
64.0,65.0
66.0,65.0
67.7,65.0
70.2,65.0
53.8,65.0
59.2,64.9
60.1,64.9
62.4,64.9
63.4,64.9
66.7,64.9
67.6,64.9
68.7,64.9
68.9,65.0
69.7,65.0
71.5,65.0
54.0,65.0
54.7,65.0
60.3,65.0
60.7,64.9
62.3,64.9
64.5,64.9
66.2,64.9
67.5,64.9
70.3,64.9
53.0,64.9
57.7,64.9
61.5,64.8
63.4,64.8
65.6,64.8
65.8,64.8
67.4,64.8
70.4,64.8
53.8,64.8
59.2,64.8
61.0,64.8
62.5,64.8
64.1,64.8
67.4,64.8
68.3,64.8
70.4,64.9
53.8,64.8
60.0,64.8
60.6,64.8
62.3,64.8
62.1,64.8
63.3,64.8
64.7,64.9
64.7,64.9
66.6,64.9
68.6,64.9
70.0,65.0
70.8,65.1
52.8,65.1
58.9,65.1
61.5,65.1
64.8,65.1
65.7,65.1
67.6,65.1
68.7,65.1
71.4,65.2
52.2,65.1
59.5,65.1
60.8,65.1
62.9,65.1
64.3,65.1
59.9,65.1
47.5,65.1
45.7,65.1
51.1,65.4
92.3,65.6
82.9,66.6
97.2,67.7
93.7,67.7
93.0,67.7
95.7,67.3
95.0,67.4
94.2,67.4
96.8,67.4
93.9,67.4
91.1,67.4
96.2,67.4
93.4,67.3
95.1,67.2
93.6,67.2
96.3,67.2
91.2,67.2
93.2,67.2
23.7,64.9
15.0,64.9
22.0,64.9
25.4,64.9
28.6,64.9
31.2,64.9
35.3,64.9
39.1,65.0
42.3,65.0
44.0,65.0
48.8,65.0
49.9,65.0
53.9,65.0
55.7,65.0
59.9,65.0
62.1,65.1
65.6,65.1
67.9,65.1
72.2,65.1
9.6,65.0
15.6,65.1
21.6,65.1
25.0,65.1
29.0,65.0
33.4,65.0
36.9,65.0
39.3,65.1
42.5,65.1
46.8,65.1
49.8,65.1
51.6,65.1
55.4,65.1
57.4,65.1
60.8,65.1
61.3,65.2
63.0,65.0
64.7,65.0
66.8,65.0
70.7,65.0
7.6,65.0
15.4,64.9
22.7,64.9
25.6,64.9
27.7,64.9
32.7,64.9
34.8,65.0
38.8,65.0
41.9,65.0
45.1,65.0
49.2,65.0
51.8,65.0
54.2,65.0
57.8,65.0
59.3,65.0
62.4,65.0
63.9,65.0
68.3,65.0
70.0,65.0
70.8,65.0
7.5,65.0
15.7,65.0
21.8,65.0
23.7,65.1
29.4,65.1
33.0,65.1
35.1,65.0
39.8,65.0
41.7,65.0
46.0,65.0
48.2,65.0
51.1,65.0
54.9,65.0
56.5,65.0
58.8,65.0
60.8,65.0
61.9,65.1
65.8,65.0
67.5,65.0
70.7,65.0
7.8,65.0
15.4,65.0
22.8,65.0
26.0,65.0
29.9,65.0
32.1,65.0
35.3,65.0
39.2,65.0
41.8,65.0
46.7,65.0
49.2,65.0
53.3,65.0
54.8,65.0
59.2,65.0
61.5,65.0
65.1,65.0
69.1,65.0
70.4,65.0
9.9,64.8
17.9,64.8
22.0,64.9
25.0,64.8
28.3,64.9
32.0,64.9
35.4,64.9
37.7,64.9
44.1,64.9
46.9,64.9
47.4,64.9
52.1,64.9
57.0,64.9
58.2,64.9
61.1,64.9
61.9,64.9
65.6,65.0
64.6,65.0
67.4,65.0
71.6,65.0
7.6,65.0
14.5,65.0
21.8,65.0
26.0,65.0
27.3,65.0
33.3,65.0
37.3,65.0
39.5,65.0
41.1,65.0
44.5,65.0
49.9,65.0
51.2,65.0
56.4,65.0
58.6,65.0
63.4,65.0
65.4,65.0
69.6,65.0
71.1,65.0
8.5,65.0
15.5,65.0
21.2,65.0
24.4,65.0
28.3,65.0
32.9,65.0
36.7,65.0
40.0,65.0
41.9,65.0
47.1,65.0
48.3,65.0
53.0,65.0
54.3,64.9
56.6,65.0
58.9,65.0
61.3,64.9
63.1,64.9
67.4,64.9
69.8,65.0
72.7,65.0
7.9,64.9
16.0,64.9
21.8,64.9
25.2,64.9
29.2,64.9
33.0,64.9
37.2,64.9
40.5,64.9
41.8,64.9
46.3,64.9
49.4,64.9
54.3,64.9
59.9,64.9
58.9,65.0
62.9,65.0
65.1,65.0
68.2,65.0
72.2,65.0
8.3,64.9
16.4,64.9
21.4,64.9
25.1,64.9
29.3,64.9
32.5,64.9
35.7,64.9
41.6,64.9
43.5,64.9
48.3,64.9
49.3,64.9
53.1,64.9
52.2,65.0
55.8,65.0
58.0,65.0
62.2,65.0
62.6,65.0
67.5,65.0
69.4,65.0
73.2,65.0
8.0,65.0
15.0,64.9
22.0,64.9
27.4,64.9
29.9,64.9
32.5,64.9
34.7,64.9
39.9,64.9
43.1,64.9
46.9,64.9
51.1,64.9
52.8,65.0
56.5,64.9
59.7,64.9
63.8,65.0
67.7,65.2
68.8,65.3
71.7,65.3
8.3,65.2
15.8,65.2
21.0,65.2
24.3,65.2
29.5,65.2
33.0,65.2
36.8,65.2
38.8,65.2
44.1,65.2
44.6,65.2
49.4,65.2
52.6,65.2
53.2,65.3
55.2,65.2
56.8,65.2
60.8,65.2
63.0,65.2
67.8,65.2
70.3,65.2
7.9,65.2
16.0,65.2
21.9,65.2
25.5,65.2
30.6,65.2
32.9,65.2
36.6,65.2
39.8,65.2
42.6,65.1
49.1,65.1
50.7,65.1
54.2,65.1
61.8,65.6
64.4,65.5
68.5,65.6
70.9,65.6
15.1,65.5
23.7,65.5
30.0,60.4
32.9,59.1
30.1,58.7
33.6,58.6
38.8,58.6
40.5,58.6
43.9,58.7
47.8,58.7
49.9,58.7
53.6,58.7
53.5,58.8
57.3,58.7
58.4,58.7
62.5,59.0
64.3,59.0
69.3,59.0
71.7,59.0
7.4,59.0
16.1,59.0
22.3,59.0
28.0,59.0
30.0,59.0
35.6,59.0
37.3,59.0
40.7,59.0
43.3,59.0
47.7,59.0
49.8,59.0
54.9,58.9
58.5,58.9
62.0,58.9
65.4,58.9
68.2,59.0
71.2,58.9
7.8,58.9
15.7,58.9
22.1,58.9
24.9,58.9
28.4,58.9
33.3,58.9
36.9,58.9
40.9,58.9
43.9,58.9
49.0,58.7
49.4,58.7
52.9,58.7
54.0,58.7
55.0,58.7
58.1,58.7
61.0,58.7
65.2,58.6
67.5,58.6
71.3,58.6
8.1,58.6
16.6,58.6
22.2,58.6
26.8,58.6
30.3,58.6
33.2,58.6
37.8,58.6
40.8,58.6
43.9,58.6
47.2,58.6
53.6,58.6
56.5,58.6
60.3,58.6
61.9,58.6
67.1,58.6
67.9,58.6
71.9,58.6
8.3,58.6
15.7,58.6
20.1,58.6
25.2,58.6
29.7,58.6
33.1,58.6
38.4,58.6
42.8,58.6
45.0,58.6
48.2,58.6
50.0,58.6
52.3,58.6
53.0,58.6
56.4,58.6
60.6,58.6
63.8,58.6
67.5,58.6
71.0,58.6
7.8,58.6
17.0,58.6
23.0,58.6
27.1,58.6
30.0,58.6
33.4,58.6
37.0,58.6
41.1,58.6
44.6,58.6
47.9,58.6
51.7,58.6
55.8,58.6
58.3,58.6
61.3,58.6
66.3,58.6
68.4,58.6
71.8,58.6
8.3,58.6
15.5,58.6
21.1,58.6
27.0,58.6
30.6,58.6
33.9,58.6
38.3,58.6
43.0,58.6
44.6,58.6
47.7,58.6
48.5,58.7
51.2,58.6
54.3,58.6
54.4,58.6
60.1,58.6
63.5,58.6
66.0,58.6
70.1,58.6
7.8,58.6
16.0,58.6
22.5,58.6
23.5,58.6
31.2,58.6
34.2,58.6
38.4,58.6
40.3,58.6
46.0,58.6
48.7,58.6
53.1,58.6
57.4,58.6
59.0,58.6
63.6,58.6
67.0,58.6
69.4,58.6
73.8,58.6
8.1,58.6
15.5,58.6
21.1,58.6
25.4,58.6
30.0,58.6
34.1,58.6
36.4,58.6
40.8,58.6
43.6,58.6
44.8,58.6
47.2,58.6
50.3,58.6
55.3,58.6
57.0,58.6
60.7,58.6
64.0,58.6
68.4,58.6
71.5,58.6
8.1,58.6
16.0,58.6
24.0,58.6
25.5,58.6
30.2,58.6
34.0,58.6
38.2,58.6
42.5,58.6
45.4,58.6
49.2,58.6
54.1,58.6
57.9,58.6
60.7,58.6
62.6,58.6
68.2,58.6
72.0,58.6
7.5,58.6
15.2,58.6
22.3,58.6
25.2,58.6
30.9,58.6
33.1,58.6
36.9,58.6
38.9,58.6
42.2,58.7
44.2,58.6
45.6,58.6
50.4,58.6
53.3,58.6
57.9,58.6
61.2,58.6
65.6,58.6
68.6,58.6
71.5,58.6
7.0,58.6
16.1,58.6
22.6,58.6
25.4,58.6
30.2,58.6
35.7,58.6
38.6,58.6
40.4,58.6
46.4,58.6
50.1,58.6
54.1,58.6
58.6,58.6
61.5,58.6
66.1,58.6
69.4,58.6
74.1,58.6
7.4,58.6
15.9,58.6
21.9,58.7
25.4,58.6
27.8,58.6
31.4,58.6
34.6,58.6
35.4,58.6
40.1,58.6
44.0,58.6
47.5,58.6
51.2,58.6
55.4,58.6
59.4,58.6
63.2,58.6
66.9,58.6
71.0,58.6
8.1,58.6
16.3,58.6
22.4,58.6
26.4,58.7
30.7,58.7
36.2,59.0
39.5,59.0
42.9,59.0
47.1,59.0
51.2,58.9
55.9,58.9
59.7,58.9
61.7,58.9
65.3,58.9
69.2,58.9
72.6,58.9
10.2,58.9
16.4,58.9
21.5,58.9
25.9,58.9
26.4,58.9
29.9,58.9
33.7,58.9
37.2,58.9
40.4,58.9
43.5,58.9
47.5,58.9
52.7,58.9
55.6,58.9
60.7,58.9
63.5,58.9
67.9,58.9
70.6,58.9
8.4,58.9
15.9,58.9
22.0,58.9
26.0,58.9
31.7,58.9
33.8,58.9
39.2,58.9
42.9,58.8
47.9,58.9
51.2,58.9
53.8,58.9
57.4,58.9
61.7,58.9
64.5,58.9
68.1,58.9
71.4,58.9
8.1,58.8
12.9,58.8
20.5,58.8
21.7,58.8
26.1,58.8
28.5,58.8
33.4,58.8
36.9,58.8
41.3,58.8
46.1,58.9
50.1,58.9
54.3,58.9
57.4,58.8
62.1,58.8
65.5,58.8
69.6,58.9
73.5,58.9
8.0,58.8
17.6,58.8
21.7,58.8
26.7,58.8
31.2,58.8
35.1,58.8
38.1,58.8
42.7,58.8
45.3,58.8
51.1,58.9
55.5,58.9
59.2,58.9
62.8,58.9
64.3,58.9
67.0,58.9
70.7,58.9
6.1,58.9
13.8,58.8
16.1,58.8
22.3,58.8
25.4,59.2
31.3,59.2
34.8,59.2
38.4,59.2
42.4,59.2
47.0,59.2
52.2,59.2
54.7,59.3
60.3,59.3
63.1,59.3
67.5,59.3
69.3,59.3
74.8,59.3
8.3,59.3
16.7,59.2
23.5,59.2
27.4,59.2
32.1,59.2
34.1,59.2
38.0,59.2
44.0,59.2
47.2,59.2
49.5,59.2
53.0,59.2
55.5,59.2
58.2,59.2
61.5,59.2
63.5,59.4
67.2,59.7
70.9,59.7
9.7,59.5
16.1,59.5
22.1,59.5
28.4,59.4
31.5,59.4
36.0,59.4
38.3,59.4
46.8,59.9
8.4,59.9
13.4,60.1
33.5,60.4
16.2,60.3
25.3,60.4
27.0,60.6
16.3,60.7
24.5,60.9
17.6,61.0
26.2,61.1
16.8,61.3
15.1,61.6
25.9,61.6
16.9,61.8
25.6,61.9
16.6,62.1
19.2,62.4
26.0,62.4
15.9,62.5
27.0,62.7
20.1,62.9
5.7,61.9
20.6,62.9
91.7,63.4
16.1,63.5
24.3,69.6
32.6,75.3
22.6,96.1
19.3,70.7
15.4,70.7
19.0,61.7
23.6,68.5
21.5,96.6
18.7,71.3
15.5,71.3
17.6,60.6
24.7,66.3
28.6,72.9
20.1,95.7
18.0,70.3
15.2,70.3
15.9,61.6
24.8,68.1
21.5,95.3
20.2,69.9
23.5,69.9
28.6,60.2
33.1,65.9
36.9,72.6
18.2,95.2
16.9,69.8
20.9,69.8
24.4,60.8
30.9,66.7
33.0,72.2
15.5,81.5
15.0,90.8
56.9,95.2
89.2,95.1
76.4,95.2
73.1,95.2
74.2,95.4
66.9,95.3
72.1,95.3
68.6,95.3
31.8,95.2
15.5,82.5
24.8,82.5
46.2,82.5
76.6,82.7
73.7,82.5
74.8,82.5
74.7,82.5
81.8,82.5
81.4,82.5
68.8,78.5
13.6,82.5
7.6,69.8
57.9,96.1
15.6,99.4
19.8,97.5
13.8,99.3
22.1,77.3
20.3,85.4
22.4,64.5
25.6,70.5
15.9,81.1
18.4,62.6
24.9,78.4
41.7,79.0
54.0,79.1
54.1,79.1
54.0,79.1
54.5,79.1
54.7,79.1
54.7,79.1
53.1,79.1
52.6,79.1
53.3,79.1
54.1,79.1
53.0,79.1
52.2,79.1
51.4,79.1
52.5,79.1
53.5,79.1
53.9,79.1
54.6,79.1
54.3,79.1
53.6,79.0
54.1,79.1
54.1,79.1
53.7,79.2
53.7,79.2
53.9,79.2
54.4,79.2
53.6,79.2
53.4,79.2
53.8,79.2
55.1,79.2
53.7,79.3
54.7,79.3
52.6,79.3
54.8,79.3
54.3,79.3
52.3,79.3
53.9,79.2
51.5,79.2
52.3,79.2
53.4,79.2
54.2,79.2
53.6,79.2
54.0,79.2
54.7,79.2
54.3,79.2
53.5,79.2
53.6,79.2
54.3,79.2
54.7,79.2
53.9,79.2
54.0,79.2
54.8,79.2
54.0,79.2
54.0,79.2
53.7,79.2
53.3,79.2
53.0,79.2
54.4,79.2
54.2,79.2
53.9,79.2
53.5,79.2
53.3,79.2
51.0,79.2
51.3,79.4
54.0,79.2
54.6,79.2
54.3,79.2
54.3,79.2
53.2,79.1
53.6,79.1
53.3,79.1
54.2,79.2
54.2,79.2
53.9,79.2
54.2,79.2
54.1,79.2
53.2,79.2
52.8,79.2
53.5,79.2
52.9,79.2
53.9,79.2
54.1,79.2
53.2,79.3
53.6,79.3
54.5,79.3
54.0,79.3
53.3,79.2
51.1,79.2
52.8,79.3
53.2,79.3
53.8,79.3
54.1,79.3
54.5,79.3
54.5,79.3
54.0,79.3
52.2,79.5
53.4,79.6
53.8,79.6
53.5,79.6
54.4,79.6
54.3,79.6
54.1,79.6
54.5,79.5
53.7,79.5
54.3,79.5
54.5,79.5
53.4,79.5
53.3,79.5
53.4,79.5
53.8,79.5
53.9,79.5
51.5,79.5
51.1,79.5
53.5,79.5
52.9,79.5
53.9,79.5
54.3,79.5
54.2,79.5
54.3,79.5
54.3,79.5
53.1,79.5
53.0,79.5
54.7,79.5
53.4,79.5
53.8,79.5
54.2,79.4
53.1,79.5
53.3,79.5
54.1,79.5
54.4,79.5
53.9,79.5
54.4,79.5
53.7,79.5
54.3,79.4
54.6,79.5
53.0,79.4
52.2,79.4
51.9,79.5
53.6,79.4
54.3,79.4
52.8,79.4
54.3,79.4
53.9,79.4
54.1,79.4
53.1,79.4
53.9,79.4
54.6,79.4
54.0,79.4
53.5,79.4
53.8,79.8
54.4,79.7
50.3,79.8
54.9,79.8
53.8,79.8
53.8,79.8
54.4,79.8
52.6,79.8
56.1,79.8
53.7,79.8
54.1,79.8
51.0,79.8
52.9,79.8
53.5,79.8
53.9,79.8
53.8,79.7
54.4,79.7
53.9,79.7
54.1,79.7
54.0,79.7
55.1,79.7
54.4,79.7
53.5,79.7
53.8,79.7
54.4,79.7
54.2,79.7
54.1,79.7
53.7,79.7
54.1,79.7
53.9,79.7
53.0,79.5
54.9,79.5
54.2,79.5
53.0,79.5
54.1,79.5
52.6,79.4
52.1,79.4
51.5,79.6
54.1,79.4
56.2,79.4
55.0,79.4
55.4,79.5
53.5,79.5
55.1,79.5
54.3,79.5
55.7,79.5
55.3,79.5
55.3,79.5
56.5,79.5
55.2,79.5
54.7,79.5
56.9,79.5
55.0,79.5
54.6,79.5
56.1,79.5
53.7,79.5
53.2,79.5
53.6,79.5
53.6,79.5
53.1,79.5
50.7,79.5
52.8,79.5
54.5,79.5
53.6,79.5
54.1,79.5
53.4,79.5
52.6,79.4
52.8,79.4
54.1,79.4
53.5,79.4
54.3,79.4
54.4,79.4
53.4,79.4
54.9,79.4
53.6,79.4
53.6,79.4
54.0,79.4
54.2,79.4
54.2,79.4
54.8,79.4
53.0,79.4
53.7,79.4
54.2,79.4
54.1,79.3
52.1,79.3
51.3,79.5
52.7,79.4
53.9,79.4
53.4,79.4
54.4,79.4
53.0,79.4
52.5,79.4
54.6,79.3
52.7,79.3
53.6,79.3
54.5,79.3
54.6,79.3
53.7,79.3
54.7,79.2
54.1,79.2
54.4,79.2
54.2,79.2
54.5,79.2
53.0,79.2
54.2,79.2
53.7,79.2
53.8,79.2
54.4,79.2
53.0,79.2
51.2,79.2
52.7,79.2
53.4,79.2
54.6,79.2
53.8,79.2
53.6,79.2
53.2,79.2
53.8,79.2
55.2,79.2
53.7,79.2
55.0,79.2
54.5,79.2
53.7,79.2
54.1,79.2
54.2,79.2
54.5,79.2
54.0,79.2
54.4,79.2
54.7,79.2
53.2,79.2
53.4,79.2
53.8,79.2
53.7,79.2
54.0,79.2
51.8,79.2
52.6,79.3
54.3,79.2
53.8,79.2
53.7,79.2
54.2,79.2
54.1,79.2
53.2,79.2
54.3,79.2
54.2,79.2
53.5,79.2
54.3,79.2
53.4,79.2
52.5,79.2
54.1,79.2
54.0,79.2
54.2,79.2
54.8,79.2
54.5,79.2
54.1,79.2
53.5,79.2
53.0,79.2
54.0,79.2
54.4,79.2
51.8,79.2
51.6,79.4
52.3,79.2
53.7,79.2
53.3,79.2
54.7,79.2
53.4,79.2
53.8,79.2
54.6,79.2
54.2,79.2
54.7,79.2
54.0,79.2
54.1,79.2
54.0,79.2
54.2,79.2
54.9,79.2
54.0,79.2
53.5,79.2
53.7,79.2
53.7,79.2
54.4,79.2
54.1,79.2
53.8,79.2
54.3,79.2
51.6,79.2
51.2,79.2
52.6,79.2
53.5,79.2
54.2,79.2
54.1,79.2
53.0,79.2
51.9,79.2
54.5,79.2
53.5,79.2
54.0,79.2
53.5,79.2
54.1,79.2
53.6,79.2
54.8,79.2
54.4,79.2
54.2,79.2
53.6,79.2
53.5,79.2
53.8,79.2
53.5,79.2
54.8,79.2
54.2,79.2
54.7,79.2
51.8,79.2
49.7,79.2
52.8,79.2
54.5,79.2
54.8,79.2
53.0,79.2
53.8,79.2
54.2,79.2
54.2,79.2
53.9,79.2
54.1,79.3
54.2,79.3
54.0,79.3
53.5,79.3
53.8,79.2
49.9,79.3
52.1,79.3
54.3,79.6
53.0,79.6
53.9,79.6
53.6,79.6
54.4,79.6
54.5,79.6
55.4,79.6
51.7,79.6
52.3,79.6
53.5,79.6
54.4,79.6
53.6,79.6
53.2,79.6
53.4,79.6
52.7,79.6
53.7,79.6
54.1,79.6
54.1,79.6
53.7,79.6
53.4,79.6
54.2,79.6
54.3,79.6
54.4,79.6
54.0,79.6
53.8,79.6
54.1,79.6
54.7,79.6
54.2,79.6
54.2,79.6
53.6,79.6
52.8,79.5
53.1,79.5
50.3,79.5
52.5,79.6
53.0,79.5
53.9,79.5
54.8,79.5
54.0,79.5
53.3,79.5
54.1,79.5
54.1,79.5
54.5,79.5
54.2,79.5
53.4,79.5
53.8,79.5
52.7,79.5
53.6,79.5
54.0,79.5
53.1,79.5
55.2,79.5
53.3,79.5
54.2,79.5
53.3,79.5
54.6,79.5
53.6,79.5
54.3,79.5
51.3,79.4
51.1,79.5
53.3,79.4
52.7,79.4
53.6,79.2
53.4,79.2
53.9,79.2
54.6,79.2
53.9,79.2
55.5,79.8
58.5,79.8
58.2,79.8
58.0,79.8
58.5,79.2
59.4,77.5
58.4,76.9
55.8,76.3
54.3,76.2
53.8,76.2
53.2,76.2
53.0,76.5
54.5,76.5
53.5,76.5
52.5,76.4
51.4,76.4
50.5,76.5
53.5,76.5
54.1,76.5
54.1,76.5
53.7,76.5
53.2,76.5
55.0,76.5
53.7,76.5
54.4,76.5
53.5,76.5
53.7,76.4
53.7,76.4
54.5,76.4
54.0,76.4
53.1,76.4
53.8,76.4
54.0,76.4
54.5,76.4
55.0,76.4
53.8,76.4
53.8,76.4
54.4,76.4
51.4,76.4
51.6,76.5
52.7,76.4
53.1,76.2
52.5,76.2
54.2,76.2
55.0,76.2
53.0,76.2
54.2,76.2
53.4,76.2
54.5,76.2
53.3,76.2
53.6,76.2
54.7,76.2
54.2,76.2
53.4,76.2
54.1,76.2
53.3,76.2
53.9,76.2
52.9,76.2
54.0,76.2
53.0,76.2
54.0,76.2
53.9,76.2
53.9,76.2
51.2,76.2
52.2,76.3
54.5,76.2
54.7,76.2
54.5,76.2
53.4,76.2
54.6,76.2
54.4,76.2
53.8,76.2
54.0,76.2
53.4,76.2
54.2,76.2
53.8,76.2
53.9,76.2
54.4,76.2
54.5,76.2
53.3,76.2
53.5,76.2
53.3,76.2
53.2,76.2
54.0,76.2
53.7,76.2
54.2,76.2
52.9,76.2
51.7,76.2
52.8,76.2
53.1,76.2
55.1,76.2
53.9,76.2
53.9,76.2
54.1,76.2
53.8,76.2
53.9,76.2
54.4,76.2
54.1,76.2
54.2,76.2
53.6,76.2
52.8,76.2
53.8,76.2
53.7,76.2
53.5,76.2
53.4,76.2
54.7,76.2
53.5,76.2
54.8,76.2
53.9,76.2
54.7,76.2
52.5,76.2
48.9,76.4
52.6,76.2
54.2,76.2
53.3,76.2
53.5,76.2
54.2,76.2
54.1,76.2
53.6,76.2
54.5,76.2
54.7,76.2
53.9,76.2
54.8,76.2
53.1,76.2
54.2,76.2
52.9,76.2
54.3,76.2
54.3,76.2
53.2,76.2
53.8,76.2
54.1,76.2
53.6,76.2
54.1,76.2
54.4,76.2
51.0,76.2
50.8,76.2
52.8,76.2
54.2,76.2
53.4,76.2
52.7,76.2
54.4,76.2
52.9,76.2
54.2,76.2
53.6,76.2
54.2,76.2
53.3,76.2
53.1,76.2
55.1,76.2
52.8,76.2
53.9,76.2
54.3,76.2
54.1,76.2
54.0,76.2
54.3,76.2
54.3,76.2
53.8,76.2
53.8,76.2
53.6,76.2
53.1,76.2
50.5,76.2
53.2,76.2
53.6,76.2
53.6,76.2
54.4,76.2
54.0,76.2
54.4,76.2
53.6,76.2
53.7,76.2
54.7,76.2
54.1,76.2
54.1,76.2
54.5,76.2
53.8,76.2
54.5,76.2
54.5,76.2
54.2,76.2
54.5,76.2
53.9,76.2
54.1,76.2
54.8,76.2
53.3,76.2
54.5,76.2
51.0,76.2
52.3,76.2
54.0,76.2
53.5,76.2
54.3,76.2
53.4,76.2
53.7,76.2
54.5,76.2
54.3,76.2
53.8,76.2
53.6,76.2
54.8,76.2
54.5,76.2
54.2,76.2
53.9,76.2
54.5,76.2
54.2,76.2
53.5,76.2
52.6,76.2
53.3,76.2
54.6,76.2
53.8,76.2
53.9,76.2
54.0,76.2
51.8,76.2
52.0,76.2
53.4,76.2
53.8,76.2
54.2,76.2
53.4,76.2
53.4,76.2
53.5,76.2
54.4,76.2
53.6,76.2
53.5,76.2
54.6,76.2
54.3,76.2
53.8,76.2
54.6,76.2
54.7,76.2
53.3,76.2
53.9,76.2
54.2,76.2
53.9,76.2
54.0,76.2
54.4,76.2
54.4,76.2
54.4,76.2
51.2,76.2
51.0,76.3
52.8,76.3
53.9,76.3
54.9,76.3
53.4,76.3
54.2,76.3
54.6,76.3
54.4,76.3
54.4,76.3
53.5,76.3
53.8,76.3
54.7,76.3
53.2,76.3
54.8,76.3
53.6,76.3
53.8,76.3
54.2,76.3
54.1,76.3
53.3,76.3
54.8,76.3
53.4,76.3
53.8,76.3
54.0,76.3
51.8,76.3
53.2,76.3
52.4,76.6
53.5,76.6
53.8,76.6
53.8,76.6
53.3,76.6
53.4,76.6
53.9,76.6
53.4,76.5
54.0,76.5
54.9,76.5
54.2,76.5
53.5,76.5
54.5,76.5
55.3,76.5
54.5,76.5
54.2,76.5
54.4,76.5
54.1,76.5
54.7,76.5
53.6,76.5
54.5,76.5
54.3,76.5
52.2,76.5
50.0,76.6
53.4,76.5
53.0,76.5
54.6,76.5
53.5,76.5
54.6,76.5
54.4,76.5
54.0,76.5
53.6,76.5
54.4,76.5
55.1,76.4
53.4,76.5
53.5,76.5
53.8,76.5
53.7,76.4
53.8,76.4
53.5,76.4
53.5,76.4
52.9,76.4
54.5,76.4
54.0,76.4
54.2,76.4
53.6,76.4
52.6,76.4
51.7,76.4
53.1,76.4
54.0,76.4
54.7,76.4
54.8,76.4
53.9,76.4
54.8,76.4
53.8,76.8
54.2,76.8
54.9,76.8
53.9,76.8
53.6,76.8
53.7,76.8
54.9,76.8
54.1,76.8
53.7,76.8
53.9,76.8
52.7,76.8
54.7,76.8
53.2,76.8
54.1,76.8
54.5,76.8
52.3,76.7
52.0,76.7
51.5,76.8
53.3,76.7
53.6,76.7
54.2,76.7
55.4,76.7
54.5,76.7
55.0,76.7
54.3,76.7
57.1,76.7
53.2,76.7
54.4,76.7
53.7,76.7
54.4,76.6
53.4,76.5
53.2,76.4
53.7,76.4
53.4,76.4
53.7,76.4
54.4,76.4
53.5,76.4
55.4,76.4
53.5,76.4
54.4,76.4
52.0,76.4
52.5,76.5
53.3,76.4
53.8,76.4
53.1,76.4
53.9,76.4
54.4,76.4
54.7,76.4
53.8,76.4
54.1,76.4
54.6,76.4
53.1,76.4
53.5,76.4
54.1,76.4
54.3,76.4
54.0,76.4
53.4,76.4
52.9,76.4
53.9,76.4
54.4,76.4
53.7,76.4
53.0,76.4
54.1,76.4
54.0,76.4
51.5,76.4
52.5,76.4
53.4,76.4
55.1,76.4
54.0,76.4
55.9,76.4
52.9,76.4
52.7,76.4
53.1,76.5
54.0,76.5
54.3,76.5
53.2,76.5
54.9,76.5
53.8,76.5
53.5,76.5
54.1,76.5
54.6,76.5
54.4,76.5
53.7,76.5
55.1,76.5
53.5,76.5
53.9,76.5
53.0,76.5
54.0,76.5
52.1,76.5
51.6,76.7
53.6,76.5
54.3,76.5
54.4,76.5
52.5,76.5
53.8,76.5
53.9,76.4
54.8,76.4
54.0,76.4
52.9,76.4
54.4,76.4
53.6,76.4
54.7,76.4
54.4,76.4
54.2,76.4
54.0,76.4
54.6,76.4
54.1,76.4
53.4,76.4
54.5,76.4
54.5,76.4
53.4,76.4
53.0,76.4
50.4,76.4
52.3,76.6
55.4,76.4
53.1,76.4
54.7,76.4
53.7,76.4
54.5,76.4
54.6,76.4
53.2,76.4
54.2,76.4
54.0,76.4
54.7,76.4
54.5,76.4
53.5,76.4
54.3,76.4
53.1,76.4
54.6,76.4
54.2,76.4
54.0,76.4
53.8,76.4
53.6,76.4
55.1,76.4
53.8,76.4
54.3,76.4
52.2,76.4
50.6,76.5
54.0,76.4
55.1,76.4
54.2,76.4
54.1,76.4
54.3,76.4
54.2,76.4
54.3,76.4
54.8,76.4
54.2,76.4
54.0,76.4
55.4,76.4
53.7,76.4
53.6,76.4
53.7,76.4
54.0,76.4
54.7,76.4
54.9,76.4
54.3,76.4
53.9,76.4
53.3,76.4
53.6,76.4
54.8,76.4
51.9,76.4
52.2,76.5
54.1,76.4
53.2,76.4
54.6,76.4
53.8,76.4
54.2,76.4
53.9,76.4
53.4,76.4
55.1,76.4
53.8,76.4
55.0,76.4
53.8,76.4
54.3,76.4
54.6,76.4
53.9,76.4
55.0,76.4
54.4,76.4
53.8,76.4
54.2,76.4
54.3,76.4
54.0,76.4
54.8,76.4
52.0,76.4
51.3,76.4
52.1,76.4
54.5,76.4
53.5,76.4
54.2,76.4
54.0,76.4
55.0,76.4
53.7,76.4
54.4,76.4
53.0,76.4
54.5,76.4
54.4,76.4
54.1,76.4
54.4,76.4
53.9,76.4
54.6,76.4
55.2,76.4
52.7,76.4
53.7,76.4
54.4,76.4
53.1,76.4
53.8,76.4
54.3,76.3
51.8,76.3
52.2,76.4
53.0,76.4
54.2,76.4
53.9,76.4
53.8,76.4
53.7,76.4
53.5,76.4
53.3,76.4
54.4,76.4
54.0,76.4
54.1,76.4
54.6,76.4
53.4,76.4
52.9,76.4
53.0,76.6
53.6,76.7
54.1,76.7
53.8,76.6
53.0,76.6
53.4,76.6
54.0,76.6
53.8,76.6
53.5,76.6
51.1,76.6
51.5,76.8
54.0,76.6
53.3,76.6
53.8,76.6
53.4,76.6
54.0,76.6
53.8,76.6
54.3,76.6
54.0,76.6
54.2,76.6
53.8,76.6
53.9,76.6
55.4,76.6
53.9,76.6
53.5,76.7
53.6,76.7
54.2,76.7
52.7,76.6
53.3,76.6
53.1,76.6
53.7,76.6
53.6,76.6
53.5,76.5
52.3,76.5
51.5,76.7
54.3,76.6
54.3,76.6
54.9,76.6
54.1,76.6
54.0,76.6
53.7,76.6
53.7,76.6
53.2,76.6
54.4,76.6
54.1,76.6
53.8,76.6
54.0,76.6
54.7,76.6
53.6,76.6
55.1,76.5
53.3,76.5
54.6,76.5
52.9,76.6
52.9,76.5
53.9,76.6
52.9,76.6
54.3,76.5
51.4,76.5
50.5,76.7
54.1,76.6
54.5,76.6
53.8,76.5
53.1,76.6
54.2,76.6
54.0,76.6
54.0,76.5
53.3,76.6
54.2,76.5
53.2,76.5
52.7,76.5
52.4,76.5
54.3,76.5
53.7,76.5
53.5,76.5
53.4,76.5
53.7,76.5
54.0,76.9
53.5,76.9
52.9,76.9
53.6,76.9
53.3,76.9
50.3,76.9
51.7,77.0
53.0,77.0
52.9,77.0
54.2,77.0
53.9,76.9
54.0,76.9
53.7,76.9
53.2,76.9
54.2,76.7
53.8,76.7
53.7,76.7
54.1,76.6
54.0,76.7
53.1,76.7
54.1,76.7
54.2,76.8
53.6,76.8
53.8,76.9
53.9,76.9
49.5,76.4
39.3,77.6
45.9,77.9
50.7,78.0
51.0,78.2
37.5,77.9
32.7,78.0
31.4,78.0
22.7,77.9
17.8,77.9
15.5,77.9
14.9,77.9
16.2,77.9
19.1,80.4
51.3,78.0
95.9,74.0
77.9,74.1
88.2,76.1
96.3,77.8
87.8,77.9
91.6,77.9
92.4,77.9
93.1,78.0
91.2,77.7
91.4,77.9
94.1,77.9
90.2,77.9
94.3,77.8
95.0,77.9
90.2,77.8
92.7,77.8
90.8,77.8
92.3,77.7
88.6,77.7
94.2,77.7
91.7,77.7
32.6,73.2
8.1,73.2
7.9,73.2
7.8,73.2
9.6,73.2
7.7,73.1
7.8,73.2
7.7,73.2
8.2,73.2
7.4,73.2
8.4,73.2
7.0,73.2
8.2,73.2
8.7,73.3
7.2,73.3
9.6,73.4
8.4,73.4
7.9,73.3
7.3,73.3
8.1,73.3
5.0,73.3
6.8,73.3
6.0,73.4
8.1,73.3
8.9,73.5
9.7,73.6
8.2,73.5
10.5,73.5
8.4,73.4
7.9,73.4
8.5,73.4
8.3,73.4
8.3,73.4
8.1,73.4
7.5,73.4
8.1,73.4
8.1,73.4
8.4,73.4
7.4,73.4
8.4,73.3
8.2,73.4
8.1,73.4
8.2,73.4
7.9,73.4
8.4,73.4
8.0,73.4
8.0,73.4
7.7,73.4
8.4,73.4
8.5,73.4
4.9,73.4
4.6,73.5
7.0,73.3
7.3,73.4
7.6,73.3
8.2,73.4
8.1,73.4
8.5,73.4
8.3,73.4
7.6,73.4
8.7,73.4
8.2,73.4
8.0,73.4
7.6,73.4
8.2,73.4
8.0,73.4
7.9,73.5
7.6,73.5
7.9,73.5
8.3,73.5
9.2,73.5
8.5,73.5
8.0,73.5
8.3,73.5
8.1,73.5
7.9,73.5
8.0,73.5
8.6,73.5
8.3,73.5
6.0,73.5
6.3,73.5
4.3,73.5
8.4,73.4
8.4,73.4
9.0,73.4
8.1,73.5
8.3,73.5
8.0,73.5
7.9,73.5
7.9,73.5
8.2,73.5
8.1,73.5
8.2,73.5
8.6,73.5
8.6,73.5
8.3,73.5
7.9,73.5
8.3,73.5
7.9,73.5
7.6,73.5
7.9,73.5
8.7,73.5
7.7,73.5
8.4,73.5
8.2,73.5
8.1,73.5
8.3,73.5
7.9,73.5
6.3,73.5
4.8,73.5
4.6,73.7
8.0,73.5
7.4,73.5
8.4,73.5
9.5,73.5
9.5,73.5
9.0,73.7
10.5,73.7
7.5,73.6
7.6,73.6
8.0,73.6
7.6,73.6
8.4,73.6
8.2,73.6
7.8,73.6
7.9,73.6
7.9,73.6
7.9,73.6
7.8,73.6
8.3,73.6
8.5,73.6
7.9,73.6
8.0,73.6
8.0,73.6
8.3,73.6
7.7,73.6
8.0,73.6
8.1,73.6
5.8,73.6
5.0,73.6
5.4,73.6
8.3,73.6
8.1,73.6
8.0,73.7
8.2,73.7
7.9,73.7
7.7,73.7
8.2,73.7
8.1,73.7
8.2,73.7
7.9,73.7
8.0,73.7
7.7,73.7
8.3,73.7
8.1,73.7
7.7,73.7
8.5,73.7
8.0,73.7
8.2,73.7
8.0,73.7
8.2,73.6
8.3,73.6
8.1,73.6
8.3,73.6
8.4,73.6
9.0,73.6
8.0,73.6
6.9,73.6
5.9,73.6
5.5,73.6
6.6,73.6
8.4,73.6
8.1,73.6
7.3,73.6
8.5,73.6
8.3,73.6
8.1,73.5
8.0,73.5
7.5,73.5
7.6,73.5
7.9,73.5
9.8,73.5
7.9,73.4
8.5,73.7
7.4,73.8
8.4,73.8
7.8,73.8
8.4,73.7
8.3,73.7
8.1,73.7
8.4,73.7
7.7,73.7
8.1,73.7
8.3,73.7
7.8,73.7
7.4,73.7
7.6,73.7
6.0,73.7
5.5,73.7
5.0,73.9
7.9,73.6
8.0,73.7
8.4,73.7
8.2,73.6
8.0,73.6
8.0,73.6
8.1,73.6
7.8,73.6
7.6,73.6
8.5,73.6
8.1,73.6
7.7,73.6
8.3,73.6
9.4,73.5
8.2,73.5
8.2,73.5
8.4,73.5
8.0,73.5
8.4,73.5
7.9,73.5
8.0,73.5
7.8,73.6
7.6,73.6
8.0,73.6
7.0,73.5
7.9,73.5
7.1,73.5
5.8,73.5
4.5,73.5
5.7,73.6
8.4,73.5
8.5,73.5
7.4,73.5
11.3,74.1
15.2,74.1
15.0,74.1
15.4,71.2
14.9,68.4
15.8,68.4
22.3,68.4
28.9,68.4
31.8,68.4
35.7,68.4
41.2,68.5
45.1,68.5
48.0,68.5
53.9,68.5
56.5,68.5
60.0,68.5
65.2,68.6
69.0,68.6
73.1,68.6
7.8,68.5
16.0,68.5
22.2,68.5
25.5,68.5
30.0,68.5
34.9,68.5
37.1,68.5
40.3,68.5
44.0,68.5
47.7,68.5
51.1,68.5
54.7,68.5
57.9,68.5
63.8,68.5
67.2,68.5
71.1,68.4
8.3,68.3
16.1,68.3
23.2,68.3
25.8,68.3
30.2,68.3
35.4,68.1
39.6,68.1
44.9,68.1
49.1,68.1
52.7,68.1
56.6,68.2
61.9,68.2
63.4,68.2
70.5,68.2
8.0,68.1
16.2,68.1
21.3,68.1
27.7,68.1
30.1,68.1
34.4,68.1
37.8,68.1
39.2,68.1
43.2,68.1
47.8,68.1
51.3,68.1
55.6,68.1
58.7,68.1
63.9,68.2
67.5,68.2
71.4,68.3
9.2,68.3
16.3,68.3
22.0,68.3
26.8,68.3
31.9,68.3
35.7,68.3
41.0,68.3
43.8,68.3
47.1,68.3
54.4,68.2
59.4,68.2
62.1,68.2
65.9,68.2
70.2,68.2
7.9,68.2
17.1,68.2
23.3,68.2
25.4,68.2
29.9,68.2
33.0,68.2
33.7,68.2
39.4,68.2
42.6,68.2
49.5,68.2
52.0,68.2
58.2,68.2
62.7,68.2
65.7,68.2
70.3,68.3
8.4,68.2
16.3,68.2
21.8,68.2
26.9,68.4
31.2,68.3
37.4,68.3
41.5,68.3
44.4,68.3
50.4,68.3
53.7,68.3
57.0,68.3
62.1,68.4
64.6,68.4
70.3,68.3
8.3,68.3
16.0,68.3
21.0,68.3
25.4,68.3
26.9,68.4
32.0,68.3
35.1,68.3
39.6,68.3
44.0,68.3
50.1,68.3
53.4,68.3
58.3,68.3
61.3,68.3
69.5,68.3
69.9,68.3
75.1,68.3
8.6,68.3
15.5,68.2
21.7,68.2
26.8,68.2
31.1,68.2
35.9,68.2
40.7,68.2
46.4,68.2
50.8,68.2
53.4,68.2
58.4,68.2
61.9,68.2
68.9,68.2
69.6,68.2
72.2,68.2
4.8,68.2
13.8,68.1
17.2,68.1
22.8,68.1
28.4,68.2
32.3,68.2
36.7,68.2
43.2,68.2
46.1,68.2
50.1,68.2
54.0,68.2
58.4,68.2
63.6,68.2
67.1,68.2
70.9,68.2
8.2,68.2
16.3,68.2
22.5,68.2
27.7,68.2
31.1,68.2
36.0,68.2
40.9,68.2
44.8,68.2
50.5,68.2
54.0,68.2
56.8,68.2
60.3,68.2
63.5,68.3
65.4,68.2
68.3,68.3
72.5,68.3
8.1,68.3
14.7,68.2
22.7,68.2
24.9,68.2
32.1,68.2
36.4,68.2
41.1,68.2
45.4,68.3
50.8,68.3
53.6,68.3
58.5,68.3
64.0,68.3
67.0,68.3
69.4,68.3
74.3,68.3
8.5,68.2
18.1,68.2
21.9,68.2
28.4,68.2
32.1,68.2
36.9,68.3
40.3,68.3
44.3,68.3
46.0,68.3
51.1,68.3
52.8,68.3
57.4,68.3
63.0,68.3
65.6,68.3
69.6,68.3
74.8,68.3
8.1,68.3
16.4,68.3
21.7,68.3
27.9,68.2
31.6,68.3
37.1,68.3
40.9,68.3
44.9,68.3
49.8,68.3
55.0,68.3
58.3,68.3
62.7,68.3
67.5,68.3
72.6,68.3
8.4,68.2
17.0,68.2
21.3,68.2
26.6,68.2
30.6,68.3
33.5,68.4
37.7,68.6
39.6,68.6
44.8,68.6
50.1,68.6
54.7,68.5
59.0,68.6
62.5,68.6
68.3,68.6
71.9,68.5
8.4,68.5
16.4,68.5
22.9,68.5
27.6,68.5
32.9,68.5
37.0,68.5
41.8,68.5
46.0,68.5
51.2,68.5
53.8,68.5
60.7,68.5
65.7,68.5
68.3,68.5
71.9,68.5
8.3,68.5
12.3,68.5
21.0,68.5
22.7,68.7
25.9,68.5
32.1,68.6
35.2,68.6
41.4,68.5
44.6,68.5
50.4,68.5
54.6,68.5
60.8,68.5
64.9,68.5
69.6,68.5
73.2,68.7
9.9,68.6
16.7,68.5
23.4,68.5
27.9,68.6
32.2,68.5
37.6,68.5
40.7,68.5
46.4,68.5
49.2,68.5
53.8,68.5
58.9,68.5
64.3,68.5
66.9,68.6
70.7,68.5
5.7,68.5
11.6,68.5
17.4,68.5
22.9,68.5
30.0,68.5
33.6,68.5
38.6,68.5
42.0,68.5
47.7,68.6
52.0,68.6
56.4,68.6
60.4,68.7
65.7,68.8
70.0,68.6
69.9,68.9
76.2,69.0
8.5,68.9
16.5,68.9
21.3,68.9
28.8,68.9
31.9,69.0
36.8,69.0
42.3,69.0
45.1,69.0
49.3,69.0
50.0,69.2
55.7,68.6
57.6,68.7
62.3,68.8
67.8,69.1
71.1,69.3
8.0,69.3
16.7,69.2
21.9,69.2
27.8,69.2
32.5,69.2
36.7,69.3
42.3,69.3
45.8,69.3
51.3,69.3
54.1,69.3
60.0,69.3
64.3,69.0
68.2,68.9
72.3,69.1
8.1,69.1
16.7,69.1
22.1,69.0
27.1,69.0
31.4,69.1
35.1,69.1
38.7,69.1
43.2,69.1
43.7,69.1
48.7,69.1
55.9,69.1
64.2,68.9
68.3,68.9
73.2,69.2
8.6,69.0
16.4,69.0
21.8,69.0
27.0,69.0
31.8,69.0
37.4,69.0
42.0,69.0
46.1,69.0
51.4,69.0
56.1,69.0
60.2,69.0
65.6,68.8
70.0,68.9
71.0,68.8
8.5,68.8
16.7,68.8
23.8,68.8
24.1,68.8
27.6,68.9
31.9,68.8
36.4,68.8
39.8,68.8
46.1,68.8
50.9,68.8
56.2,68.7
59.9,68.9
64.4,69.1
70.5,68.7
6.6,68.7
16.7,68.7
23.2,68.7
28.7,68.7
33.1,69.3
8.2,69.5
31.2,69.6
18.9,69.8
24.7,69.9
16.1,70.4
10.0,70.3
0.5,70.4
0.2,70.5
0.9,70.7
1.1,70.9
11.7,71.0
12.8,71.1
3.5,71.3
11.6,71.4
4.4,71.6
11.3,71.7
5.9,71.8
10.2,72.0
6.4,72.1
10.2,72.2
5.4,72.4
10.7,72.5
4.9,72.7
9.6,72.9
5.4,73.0
11.9,73.2
6.2,74.4
14.0,73.2
20.3,72.8
16.2,70.6
15.2,77.2
14.8,83.8
19.2,91.9
18.3,94.7
17.7,77.6
18.3,73.3
16.5,68.6
26.5,49.6
32.3,53.3
34.0,55.1
47.0,52.0
28.0,76.1
19.1,44.2
23.8,44.2
28.4,44.2
36.2,32.3
42.5,37.8
47.9,43.3
27.9,77.0
23.1,42.5
24.3,42.5
27.8,42.6
36.0,30.2
39.7,35.9
43.5,41.5
27.3,74.8
21.5,42.4
25.5,42.4
29.5,26.8
35.3,32.7
39.6,38.6
42.7,45.5
27.7,75.1
15.9,42.5
17.5,42.6
25.6,26.4
31.9,32.3
35.5,38.3
40.1,44.7
45.6,50.4
49.2,58.0
54.0,65.4
58.8,72.5
64.5,75.2
91.1,75.1
91.7,75.5
94.6,75.2
85.1,75.2
85.2,75.2
76.0,75.2
73.5,75.5
73.8,75.7
67.4,75.5
31.9,75.4
18.4,59.4
27.1,59.3
52.4,59.3
85.2,59.5
77.5,59.3
78.9,59.4
80.4,59.3
83.7,59.4
90.9,59.4
94.1,59.4
89.5,59.4
93.3,59.4
46.9,58.0
24.1,59.4
29.7,59.6
30.5,43.9
80.7,65.4
15.8,82.0
17.6,88.6
18.1,93.7
20.6,63.0
19.9,71.7
20.6,42.0
23.1,48.5
28.1,55.0
31.9,65.5
30.7,58.7
19.4,57.4
50.4,64.9
73.6,65.1
54.5,65.3
60.7,65.2
63.3,65.3
65.4,65.3
67.3,65.3
70.0,65.3
69.7,65.3
74.6,65.5
53.2,65.6
59.0,65.6
62.8,65.7
65.0,65.7
67.2,65.7
69.7,65.8
70.4,65.8
52.1,65.8
55.0,65.8
59.9,65.8
63.0,65.8
66.5,65.9
67.1,65.9
71.9,65.8
